{
  "args": {
    "command": "synthesize",
    "gate": "X",
    "duration": 4e-08,
    "output": "pulse_10mhz.json",
    "seed": 42,
    "t1": null,
    "t2": null,
    "det_max_hz": 10000000.0,
    "det_min_hz": -10000000.0,
    "amp_error": 0.0,
    "n_train": 500,
    "n_theta_train": 5
  },
  "metrics": {
    "mae": 0.047115582058330524,
    "r2": 0.7898273844692011,
    "y_test_mean": 0.49434641098088195
  },
  "optimized_params": [
    108480583.5918814,
    2.2826361804787908e-08,
    1.1553575420907886e-08,
    -0.04759442642712917,
    0.04321661567927482
  ],
  "verification": {
    "f_mean": 0.9130708628290591,
    "f_worst": 0.7554382853363645,
    "f_std": 0.06255250343490017
  }
}