{
  "args": {
    "command": "synthesize",
    "gate": "X",
    "duration": 4e-08,
    "output": "pulse_10mhz.json",
    "seed": 42,
    "t1": null,
    "t2": null,
    "det_max_hz": 10000000.0,
    "det_min_hz": -10000000.0,
    "amp_error": 0.02,
    "n_train": 500,
    "n_theta_train": 5
  },
  "metrics": {
    "mae": 0.050274103707660216,
    "r2": 0.7759195533828354,
    "y_test_mean": 0.4936805948121844
  },
  "optimized_params": [
    185475673.43932426,
    1.2742109908875062e-08,
    6.75677404634835e-09,
    -0.047594716909794645,
    0.06061938935390998
  ],
  "verification": {
    "f_mean": 0.9289111450577175,
    "f_worst": 0.7978925082839604,
    "f_std": 0.057307810994761156
  }
}