{
  "args": {
    "command": "synthesize",
    "gate": "X",
    "duration": 4e-08,
    "output": "pulse_20mhz.json",
    "seed": 42,
    "t1": null,
    "t2": null,
    "det_max_hz": 20000000.0,
    "det_min_hz": -20000000.0,
    "amp_error": 0.02,
    "n_train": 500,
    "n_theta_train": 5
  },
  "metrics": {
    "mae": 0.06497192520800445,
    "r2": 0.650600531837281,
    "y_test_mean": 0.47317215903050325
  },
  "optimized_params": [
    213150475.15795,
    2.2420461846225516e-08,
    5.878710272720835e-09,
    -0.007021206986066296,
    0.0559959981961939
  ],
  "verification": {
    "f_mean": 0.8832305295821685,
    "f_worst": 0.6566544860587719,
    "f_std": 0.09682972220081015
  }
}